{
    "NAx" : 0.0231808,
    "NAy" : 0.0207004,
    "NominalWavelength" : 532,
    "MeasuredWavelength" : 532.20
}
